1,'HSBC','China',1
2,'BBVA BANCOMER','Mexico',3
3,'Banorte','Mexico,2
4,'Inbursa','Mexico',4
5,'Mraz',Argentina',5
6,'Cassin-Weissnat','China',6
7,'Pfeffer','Tajikistan',7
8,'Tremblay','Sweden',8
9,'Labadie','China',9
10,'Wisozk and Sons','France',10
11,'Armstrong Inc','China',11
12,'Brown LLC','China',12
13,'Dibbert Group','Ukraine',13
14,WeissnatFay','China',14
15,'Wehner-Dibbert','Venezuela',15
16,'Oberbrunner-Beer','Uganda',16
17,'Schimmel-Crooks','Mexico',17
18,'Eichmann LLC','Mexico',18
19,'Lubowitz and Sons','Ireland',19
20,'Bechtelar and Sons','Philippines',20